index	username	image_filename
1	josephjohnsonhq	1millikarat--PNUOApeoqU-unsplash.jpg
2	owen.hill	abdullah-ali-y0vy-OVbot8-unsplash.jpg
3	dan.b	adam-papp-9azmDgXORdk-unsplash.jpg
4	aiden-grant	ajay-meganathan-U7MQAQVKTsY-unsplash.jpg
5	ckevin	aleksandr-dalakian-Pbw3O6b8P64-unsplash.jpg
6	sebastianandram	alex-gruber-ZOCb5G9tA7A-unsplash.jpg
7	ian.lee.1994	alex-sheldon-acRdRBYEZbM-unsplash.jpg
8	samuelda15	alex-suprun-1JGHAAdbL_Y-unsplash.jpg
9	timlong70	alexandre-dinaut-3tCabBrb_jk-unsplash.jpg
10	joepowell	andre-tan-J8wrzpD0qXg-unsplash.jpg
11	alexanderpn	andres-mendoza-J9LnoYxQpQI-unsplash.jpg
12	jacksonthel	andrii-leonov-P5nZwlbTngI-unsplash.jpg
13	jscott91	anggit-rizkianto-sh_kyYqjPbk-unsplash.jpg
14	ryanstewartuk	anton-kotlovskii-KjV-R0t7FQc-unsplash.jpg
15	liam_butler_56	art-institute-of-chicago-JkWF5ZoxBf8-unsplash.jpg
16	samuelbrooks	artem-bondarchuk-vbdIgnfzrdg-unsplash.jpg
17	dan.b1	austin-chan-ukzHlkoz1IE-unsplash.jpg
18	michaelbrooks	ayo-ogunseinde-Erstoy-MuVA-unsplash.jpg
19	loganieca	benjamin-r-MuhOKvEYE9g-unsplash.jpg
20	henry_ramirez	blogging-guide-kInwrtGF3v4-unsplash.jpg
21	gephillips	bottle-your-brand-kd7m9gfPrkg-unsplash.jpg
22	raymurphy48	busra-salkim-6tp0lQOGs38-unsplash.jpg
23	sebastianflo	carlo-pentimalli-iDY8yEDyjNU-unsplash.jpg
24	samuelmartinez8931	chamfjord-n9Mbe2loySk-unsplash.jpg
25	max57	christian-buehner-K8xJPpHEO7M-unsplash.jpg
26	brian.parker.85	christian-buehner-ova2gZ39-uk-unsplash.jpg
27	oliverng22	daniel-cheung-cPF2nlWcMY4-unsplash.jpg
28	david_carter_34	daniel-cheung-sCdm5DiJb8w-unsplash.jpg
29	slogan	daniel-dan-4b7BJg-K5ZM-unsplash.jpg
30	ian_mart	daniel-dan-CRvErnLUQOo-unsplash.jpg
31	aidenw56	david-suarez-K2NviSiYLAo-unsplash.jpg
32	joshkelly	david-suarez-stGjOPEAqug-unsplash.jpg
33	jackross1975	davod-sVcpDyeOd1c-unsplash.jpg
34	josephmartinez	dm-david-4wXfkqpMWl8-unsplash.jpg
35	jedwards1382	dominik-vanyi-5Fxuo7x-eyg-unsplash.jpg
36	thomasjameshq	elvira-blumfelde-XzI0bYWdhbY-unsplash.jpg
37	aiden.scott	emmanuel-denier-RVGjtx0cgk4-unsplash.jpg
38	matthew-ross	eugene-chystiakov-mI-AUGc9ZQY-unsplash.jpg
39	josh.brown.1992	gabriel-martin-wtAWB3-mHhk-unsplash.jpg
40	lucaslewis23	girl-with-red-hat-_ZVb9VGPm9k-unsplash.jpg
41	bedward	girl-with-red-hat-cpkB8SumMy4-unsplash.jpg
42	samuelandada	giulia-grani-mhhTdNARmFk-unsplash.jpg
43	josephsa90	glassesshop-b5sQPkBDDOE-unsplash.jpg
44	pe.james	haberdoedas-XFHdu4_vHmY-unsplash.jpg
45	jacksonpg	hannah-myers-Z3MdYqARhT0-unsplash.jpg
46	davidthek	hayffield-l-g0GksNSQJ6Y-unsplash.jpg
47	georgecollinsuk	henri-lajarrige-lombard-wb9kQq1frtE-unsplash.jpg
48	josephperry	hi-vrtr-p_15VK57CGs-unsplash.jpg
49	mjames	hugo-clement-tx8DkrvA5VQ-unsplash.jpg
50	axbennett	ian-dooley-d1UPkiFd04A-unsplash.jpg
51	liamjames1	igor-omilaev-3KD3MHWZexE-unsplash.jpg
52	sebastianieha	igor-omilaev-IaFv7UdHb9U-unsplash.jpg
53	howens94	invex-WllqBB-McB0-unsplash.jpg
54	jbennett	jamie-matocinos-WAYY2WoGb8w-unsplash.jpg
55	james.smith	jan-kopriva-mLMSGSB5gQA-unsplash.jpg
56	daniel_sanchez_57	john-salvino-Z4K7IlwBvHE-unsplash.jpg
57	davidj48	jonathan-lim-gL6aTdWrsXo-unsplash.jpg
58	chrisstewart33	juan-pablo-Y0Ollukuwkc-unsplash.jpg
59	lucasgray	kah-lok-leong-wxSjF3nqFPw-unsplash.jpg
60	georgesimmons4016	kaori-a-LawKgtILJFE-unsplash.jpg
61	samuelngu	karaku--JkW7k7-p6Y-unsplash.jpg
62	joseph.pe	karsten-winegeart-EZ5ugW5N9ZY-unsplash.jpg
63	jay42	kasper-andreassen-abzP8AEp5Nw-unsplash.jpg
64	nedwards87	kevin-zhao-z78Lko7b3Ic-unsplash.jpg
65	wsebastian	kristino-boxers-MCtMZpMfJBA-unsplash.jpg
66	dxphillips	ks-kyung-nie31AKyPHI-unsplash.jpg
67	rex_tayl	la-reb-a0B_b-pZn50-unsplash.jpg
68	owens41	lachlan-gowen-zQTw2g6JY6U-unsplash.jpg
69	markiero	larkin-kalix-3YltJKxEalU-unsplash.jpg
70	lucas.turner.95	lars-bo-nielsen-V9r37JFKQuo-unsplash.jpg
71	timgrant	levi-meir-clancy-Baxu1oYby3I-unsplash.jpg
72	chrisxof	lidya-nada-_0aKQa9gr4s-unsplash.jpg
73	owenwood1975	luan-fonseca-KQSmqtj65Rk-unsplash.jpg
74	thomasramirez	mahmut-yildirim-mq2Wur62cTE-unsplash.jpg
75	kevinharrisonhq	maksym-tymchyk-wUpA2FE3tbQ-unsplash.jpg
76	tom.thompson.1977	marcel-strauss-pW9o9-sM0XE-unsplash.jpg
77	matthew.king	marek-piwnicki-SIEOMddOybc-unsplash.jpg
78	mark_diaz	maria-lupan-paojjhmfDTk-unsplash.jpg
79	robert-wood	mariano-nocetti-sm5NwxE1FBw-unsplash.jpg
80	michaeljoh	marvin-meyer-K4ycAkmzNEE-unsplash.jpg
81	jackclark98	mary-borozdina-PATgFDTXjQ8-unsplash.jpg
82	mjameson1986	mateo-rios-sStDtNCAxEg-unsplash.jpg
83	josephanddia	matteo-maretto-ayog-lKRrp8-unsplash.jpg
84	thomasfl75	mehrnegar-dolatmand-FHddB4fq890-unsplash.jpg
85	mmark	mika-baumeister-vqpbIr1mB-o-unsplash.jpg
86	timjameson	mineragua-sparkling-water-bMVbN-xbPxs-unsplash.jpg
87	davidbh	mitchell-luo-kXH2437dnJA-unsplash.jpg
88	henrybutlerx76	mouad-nadif-MdNtXJG462k-unsplash.jpg
89	thomasbarnes	nicholas-jeffries-hpRwVjCYqRk-unsplash.jpg
90	scottk	nipyata-upDPy3ZhGt4-unsplash.jpg
91	sam_camp	omar-ramadan--f_OJOj35vM-unsplash.jpg
92	lucasandpar	omar-ramadan-GRFtOEppzNg-unsplash.jpg
93	samuel_nelson_97	omar-ramadan-j1xCTLNCL1c-unsplash.jpg
94	alexander_white	oskar-hagberg-5TZuyH_TRTY-unsplash.jpg
95	noahbaileyx69	owen-vangioni-OBHkrdFQgos-unsplash.jpg
96	cphillipsk450	patrick-fore-Qz_QW-_1CzA-unsplash.jpg
97	jackhoward	peter-olexa-i7NlQR29U5Y-unsplash.jpg
98	josephwri	peter-olexa-mAolEK47AqQ-unsplash.jpg
99	thomas.ba	pexels-2154107954-37101660.jpg
100	ben27	pexels-airamdphoto-31258462.jpg
101	robtaylor47	pexels-alexasfotos-31687772.jpg
102	chris_hall_94	pexels-alexasfotos-32289444.jpg
103	psamuel	pexels-alexasfotos-7473044.jpg
104	markmorris65938	pexels-alxs-14720760.jpg
105	si.lucas	pexels-badassimpala-67-1609535048-27498297.jpg
106	jackb26	pexels-baris-yigit-239931604-13800992.jpg
107	michaeliemi	pexels-bishenova-1148603742-35696297.jpg
108	jack.cox.80	pexels-brokenadmiral_-493491871-16061970.jpg
109	brianxon	pexels-camerongawn-13875137.jpg
110	aidensimmons1975	pexels-cup-of-couple-6633011.jpg
111	joe.clark.1983	pexels-daniel-dan-47825192-7542754.jpg
112	kevinadams	pexels-danil-lysov-175964361-11106985.jpg
113	edwardwatsonhq	pexels-designecologist-1369653.jpg
114	robert.walker	pexels-duartefotografia-19138659.jpg
115	michael_evans	pexels-emhopper-3487734.jpg
116	ryan-simmons	pexels-frank-minjarez-333886454-16282655.jpg
117	liamjam	pexels-goksun-baris-gokalp-2158208031-35265815.jpg
118	owenharris83	pexels-gratisography-543.jpg
119	kevinev60	pexels-guvo59-29475230.jpg
120	co.oliver	pexels-hani-almuzaini-725182360-36055834.jpg
121	rmichael	pexels-instasky-9763736.jpg
122	danielhughesx61	pexels-jacek-herbut-3847752-14218158.jpg
123	christher	pexels-jacqueline-goncalves-2155137161-34155558.jpg
124	kevinbennett	pexels-kat-carabio-2160013554-37076989.jpg
125	woliver	pexels-laarkstudio-6679462.jpg
126	dxhughes	pexels-lazaro-revoledo-1169948-18740625.jpg
127	george_hall_47	pexels-maksgelatin-9956283.jpg
128	jamesroberts1987	pexels-mart-production-7251520.jpg
129	jackandpet	pexels-matosuky-754634156-36048498.jpg
130	josephiegr	pexels-matreding-16124554.jpg
131	agray64	pexels-moklebust-11178915.jpg
132	bhughes	pexels-njeromin-15352967.jpg
133	oliver.brooks	pexels-nunzio-la-rosa-163886982-11019416.jpg
134	jackson_lee	pexels-onbab-21939545.jpg
135	noahjordan3237	pexels-pixabay-87009.jpg
136	mlucas	pexels-radis-20566294.jpg
137	sbennett3411	pexels-rdne-5899239.jpg
138	alexanders18	pexels-renestrgar-35068607.jpg
139	henryramirezhq	pexels-ron-lach-10272675.jpg
140	owenrichardson	pexels-rsapmech-12197023.jpg
141	jones_e	pexels-rudonni-7767501.jpg
142	thomasyou	pexels-rulomx-4687230.jpg
143	owens.l	pexels-saad-alawi-123396395-35338036.jpg
144	kevin.be	pexels-sandyco-26050534.jpg
145	noahbs	pexels-scientist-2149376317-35609167.jpg
146	joe12	pexels-siarhei-nester-318033361-36990467.jpg
147	maxwilson32	pexels-simon-phillips-1402891771-26596410.jpg
148	henryleeuk	pexels-sudelermii-245055019-14285427.jpg
149	brian_nelson_79	pexels-szymon-shields-1503561-6168315.jpg
150	ojoseph	pexels-tenery-coumailleau-2823912-16171752.jpg
151	ladams582	pexels-thao-zabey-385500086-14845744.jpg
152	dan_rodr	pexels-toulouse-3098735.jpg
153	sedwards53	pexels-vasiliy-skuratov-9515931-6450245.jpg
154	wa.jack	pexels-viniciusvieirafotografia-30451493.jpg
155	lucasp11	pexels-william-sutherland-3122031-5497002.jpg
156	liamiejo	pexels-zak-mogel-2158251013-35758270.jpg
157	owen.butler.65	piron-guillaume-y60Pux2HYk4-unsplash.jpg
158	tomwood	rachel-yoon-6sXVajxknWU-unsplash.jpg
159	edwards.a	raoul-droog-yMSecCHsIBc-unsplash.jpg
160	matthewwashington1975	rc-xyz-nft-gallery-6qfufaVnTII-unsplash.jpg
161	marktheh	rdsbeats-oussama-JTj_ein28zo-unsplash.jpg
162	edwarddiaz	renzo-watches-6N-i1CrQkzA-unsplash.jpg
163	mphillips5297	richard-rivas-a8C_ySrr7-M-unsplash.jpg
164	l.jones	road-trip-with-raj-o4c2zoVhjSw-unsplash.jpg
165	ryan.lewis	robert-richman-vcTKFYNZop4-unsplash.jpg
166	liam_roberts	rohan-reddy-uBdVucSVaKw-unsplash.jpg
167	aidenthompson68	romain-taupiac-OVjwOWLmeqE-unsplash.jpg
168	kevinandsim	roman-bilik-eWYrqC9p6dc-unsplash.jpg
169	ethan.taylor.18	roman-kokoev-u-SVq2e5PwU-unsplash.jpg
170	edwardri45	round-icons-akbc_lPvjjU-unsplash.jpg
171	bliam	rusty-watson-_nUboSJ8_BA-unsplash.jpg
172	tomcox	sanna-xu-087-7-40iig-unsplash.jpg
173	chrisgk	seth-doyle-R5tHd-aYmPs-unsplash.jpg
174	alexanderpowellx46	shawn-iBNN3O5ES88-unsplash.jpg
175	brianthew	simone-pellegrini-L3QG_OBluT0-unsplash.jpg
176	edwardbutler	some-tale-UFkL8f0DfeQ-unsplash.jpg
177	james.re	sonny-diaz-nkze16VRwNk-unsplash.jpg
178	leo_nels	sudhanshu-yadav-KNrl22CxGxA-unsplash.jpg
179	owenandben	the-new-york-public-library-s-WrUgSOLxY-unsplash.jpg
180	thomasiehi	thierry-biland-8pbGaf_TD5M-unsplash.jpg
181	david_moore	thierry-biland-sP9CfcNhfYI-unsplash.jpg
182	lucasxob	tim-zankert-DHRdI501Gn0-unsplash.jpg
183	gjack1	tsimur-asayonak-ff4PkwgixTc-unsplash.jpg
184	rscott1998	uta-scholl-NgCLrwYphWg-unsplash.jpg
185	danielf93	vicky-hladynets-uyaTT9u6AvI-unsplash.jpg
186	danielsanchezhq	viktor-bystrov-lh8ixHx94YQ-unsplash.jpg
187	ianevans78	vincent-riszdorfer-hBdWEjoaH-M-unsplash.jpg
188	aidenbailey	vladislav-k-8mYbErz1OMs-unsplash.jpg
189	williams_a	vladyslav-melnyk-DndGvxWpAuY-unsplash.jpg
190	kevinrob	wonsung-jang-3rFt6f3oWjc-unsplash.jpg
191	noahphillips75	xinying-lin-hpgC74bnVu4-unsplash.jpg
192	edward.bu	y-m-bMNIrsIc-6w-unsplash.jpg
193	josh87	yura-timoshenko-yga4m4CJtys-unsplash.jpg
194	henryke52	zesan-h-ygCCHPr_q2U-unsplash.jpg
195	jayrodriguez17	zoshua-colah-sypg3hIIxQo-unsplash.jpg
196	danielmooreuk	pexels-jeffstapleton-5802888.jpg
